,ENSG00000131507,ENSG00000131508,ENSG00000134982,ENSG00000038427,ENSG00000119048,ENSG00000170606,ENSG00000153113,ENSG00000145675,ENSG00000176788,ENSG00000083312,ENSG00000164292,ENSG00000113575,ENSG00000056097,ENSG00000145555,ENSG00000113013,ENSG00000131446,ENSG00000134352,ENSG00000120705,ENSG00000198961,ENSG00000245526,ENSG00000131507-U,ENSG00000131508-U,ENSG00000134982-U,ENSG00000038427-U,ENSG00000119048-U,ENSG00000170606-U,ENSG00000153113-U,ENSG00000145675-U,ENSG00000176788-U,ENSG00000083312-U,ENSG00000164292-U,ENSG00000113575-U,ENSG00000056097-U,ENSG00000145555-U,ENSG00000113013-U,ENSG00000131446-U,ENSG00000134352-U,ENSG00000120705-U,ENSG00000198961-U,ENSG00000245526-U,ENSG00000131507-A,ENSG00000131508-A,ENSG00000134982-A,ENSG00000038427-A,ENSG00000119048-A,ENSG00000170606-A,ENSG00000153113-A,ENSG00000145675-A,ENSG00000176788-A,ENSG00000083312-A,ENSG00000164292-A,ENSG00000113575-A,ENSG00000056097-A,ENSG00000145555-A,ENSG00000113013-A,ENSG00000131446-A,ENSG00000134352-A,ENSG00000120705-A,ENSG00000198961-A,ENSG00000245526-A
AGACACTGTCGTATGT,5.0,5.0,9.0,6.0,8.0,4.0,1.0,7.0,0.0,3.0,12.0,4.0,2.0,8.0,1.0,2.0,7.0,0.0,22.0,0.0,3.0,4.0,34.0,4.0,7.0,4.0,2.0,2.0,0.0,0.0,9.0,6.0,9.0,4.0,3.0,0.0,4.0,5.0,14.0,0.0,1.0,3.0,0.0,2.0,0.0,0.0,1.0,0.0,0.0,0.0,9.0,0.0,0.0,0.0,6.0,0.0,1.0,0.0,1.0,0.0
TCACGCTAGTCCCAAT,5.0,5.0,2.0,1.0,11.0,2.0,0.0,2.0,0.0,6.0,7.0,15.0,4.0,5.0,3.0,1.0,14.0,2.0,13.0,0.0,4.0,8.0,23.0,4.0,4.0,7.0,4.0,2.0,0.0,0.0,3.0,10.0,21.0,1.0,5.0,0.0,5.0,3.0,8.0,0.0,0.0,3.0,1.0,2.0,0.0,1.0,1.0,0.0,0.0,0.0,10.0,1.0,1.0,0.0,7.0,0.0,0.0,0.0,0.0,0.0
CAGCGTGGTTGGGATG,2.0,3.0,1.0,0.0,8.0,1.0,6.0,3.0,35.0,2.0,0.0,1.0,1.0,0.0,2.0,8.0,0.0,6.0,1.0,0.0,1.0,2.0,2.0,0.0,3.0,1.0,4.0,11.0,0.0,0.0,0.0,2.0,3.0,4.0,2.0,9.0,0.0,1.0,3.0,0.0,0.0,0.0,0.0,0.0,0.0,1.0,5.0,0.0,0.0,0.0,0.0,0.0,0.0,0.0,0.0,1.0,0.0,0.0,0.0,0.0
TGGTACATCTGCCCTA,3.0,0.0,0.0,1.0,0.0,0.0,0.0,2.0,0.0,0.0,4.0,0.0,2.0,0.0,0.0,0.0,2.0,0.0,3.0,0.0,0.0,0.0,5.0,1.0,1.0,0.0,0.0,0.0,0.0,0.0,0.0,0.0,1.0,1.0,0.0,0.0,0.0,0.0,0.0,0.0,0.0,0.0,0.0,0.0,0.0,1.0,1.0,0.0,0.0,0.0,3.0,0.0,0.0,0.0,0.0,0.0,0.0,0.0,0.0,0.0
AGGGTGAGTGATTGGG,0.0,0.0,0.0,0.0,0.0,0.0,0.0,0.0,0.0,1.0,0.0,0.0,0.0,0.0,0.0,0.0,3.0,0.0,0.0,0.0,0.0,0.0,0.0,0.0,4.0,10.0,0.0,0.0,4.0,0.0,0.0,0.0,0.0,3.0,1.0,0.0,2.0,8.0,1.0,0.0,0.0,0.0,0.0,0.0,0.0,0.0,0.0,0.0,0.0,0.0,0.0,0.0,0.0,0.0,0.0,0.0,0.0,0.0,0.0,0.0
GTGAGCCTCTCCGAGG,4.0,2.0,1.0,26.0,3.0,2.0,2.0,3.0,3.0,1.0,1.0,2.0,0.0,0.0,3.0,1.0,1.0,8.0,2.0,0.0,0.0,1.0,1.0,3.0,0.0,0.0,0.0,0.0,0.0,0.0,0.0,0.0,0.0,5.0,1.0,1.0,0.0,1.0,0.0,0.0,0.0,2.0,0.0,6.0,0.0,0.0,2.0,0.0,0.0,0.0,1.0,0.0,0.0,0.0,4.0,2.0,0.0,0.0,0.0,0.0
CCCTCTCGTGCCTTCT,0.0,0.0,1.0,0.0,0.0,0.0,0.0,1.0,0.0,1.0,0.0,0.0,0.0,0.0,0.0,1.0,2.0,0.0,5.0,0.0,4.0,0.0,5.0,3.0,0.0,0.0,4.0,3.0,0.0,3.0,1.0,0.0,4.0,0.0,1.0,0.0,4.0,2.0,3.0,0.0,0.0,0.0,0.0,2.0,0.0,0.0,0.0,2.0,0.0,0.0,2.0,0.0,0.0,0.0,0.0,0.0,0.0,1.0,0.0,0.0
TTCGATTTCTGAATCG,0.0,0.0,0.0,0.0,0.0,0.0,0.0,0.0,0.0,1.0,0.0,0.0,0.0,0.0,0.0,0.0,1.0,0.0,4.0,0.0,3.0,4.0,5.0,0.0,2.0,2.0,1.0,4.0,0.0,1.0,14.0,2.0,9.0,2.0,2.0,0.0,3.0,2.0,8.0,0.0,1.0,0.0,0.0,0.0,0.0,0.0,0.0,0.0,0.0,0.0,2.0,0.0,0.0,0.0,2.0,0.0,0.0,0.0,3.0,0.0
CGTCCATAGCACTCTA,4.0,5.0,0.0,2.0,2.0,5.0,0.0,3.0,0.0,6.0,3.0,1.0,7.0,1.0,5.0,3.0,1.0,1.0,3.0,0.0,0.0,1.0,3.0,11.0,0.0,3.0,0.0,1.0,0.0,0.0,1.0,2.0,1.0,3.0,0.0,0.0,4.0,0.0,2.0,0.0,0.0,3.0,0.0,2.0,0.0,0.0,0.0,0.0,0.0,0.0,1.0,0.0,0.0,0.0,1.0,0.0,0.0,0.0,1.0,0.0
ACCCTTGTCCTACAAG,0.0,0.0,0.0,1.0,1.0,0.0,0.0,1.0,0.0,0.0,0.0,0.0,2.0,1.0,1.0,1.0,0.0,0.0,1.0,0.0,3.0,8.0,4.0,0.0,4.0,5.0,2.0,0.0,3.0,4.0,2.0,9.0,1.0,2.0,9.0,1.0,1.0,3.0,4.0,0.0,1.0,2.0,0.0,0.0,0.0,0.0,0.0,0.0,0.0,0.0,0.0,0.0,0.0,0.0,2.0,0.0,0.0,0.0,0.0,0.0
GTGAGCCAGTATAACG,0.0,0.0,0.0,0.0,2.0,0.0,2.0,0.0,3.0,1.0,0.0,0.0,1.0,0.0,0.0,1.0,0.0,1.0,0.0,0.0,0.0,0.0,0.0,2.0,0.0,0.0,0.0,1.0,0.0,0.0,0.0,0.0,1.0,0.0,1.0,1.0,1.0,0.0,1.0,0.0,0.0,1.0,0.0,2.0,0.0,0.0,0.0,0.0,0.0,0.0,0.0,0.0,0.0,0.0,1.0,1.0,0.0,0.0,0.0,0.0
ACTGTGACAGGGAATC,8.0,5.0,4.0,0.0,1.0,2.0,1.0,4.0,0.0,2.0,0.0,1.0,0.0,3.0,1.0,1.0,3.0,0.0,2.0,0.0,0.0,1.0,10.0,5.0,3.0,1.0,1.0,2.0,0.0,0.0,1.0,2.0,4.0,2.0,1.0,0.0,0.0,2.0,4.0,0.0,0.0,0.0,0.0,0.0,0.0,0.0,1.0,0.0,0.0,0.0,1.0,0.0,0.0,0.0,1.0,0.0,0.0,0.0,1.0,0.0
TAACACGTCCAATCCC,1.0,1.0,0.0,3.0,0.0,0.0,0.0,5.0,0.0,0.0,0.0,2.0,2.0,7.0,0.0,0.0,0.0,1.0,2.0,0.0,0.0,0.0,0.0,0.0,0.0,0.0,0.0,0.0,0.0,0.0,0.0,0.0,0.0,0.0,0.0,0.0,0.0,0.0,0.0,0.0,0.0,0.0,0.0,2.0,0.0,0.0,0.0,0.0,0.0,0.0,1.0,0.0,0.0,0.0,0.0,0.0,0.0,1.0,0.0,0.0
TGCTCGTGTCACGCTG,2.0,1.0,0.0,0.0,1.0,0.0,0.0,1.0,0.0,0.0,0.0,1.0,1.0,0.0,1.0,1.0,1.0,1.0,6.0,0.0,1.0,0.0,0.0,0.0,0.0,1.0,1.0,5.0,6.0,0.0,0.0,0.0,1.0,0.0,1.0,1.0,0.0,3.0,0.0,0.0,0.0,1.0,0.0,0.0,0.0,0.0,0.0,0.0,0.0,0.0,0.0,0.0,0.0,0.0,3.0,0.0,0.0,0.0,0.0,0.0
GTGTGGCCACCGTGAC,3.0,1.0,3.0,0.0,3.0,1.0,4.0,3.0,0.0,5.0,3.0,3.0,1.0,0.0,0.0,2.0,3.0,2.0,4.0,0.0,0.0,3.0,5.0,1.0,2.0,0.0,1.0,2.0,0.0,1.0,0.0,3.0,2.0,0.0,1.0,0.0,2.0,1.0,0.0,0.0,0.0,4.0,0.0,2.0,0.0,0.0,0.0,0.0,0.0,1.0,5.0,0.0,0.0,0.0,0.0,0.0,0.0,0.0,0.0,0.0
AGTAACCTCATGCCCT,0.0,0.0,0.0,0.0,0.0,0.0,0.0,0.0,0.0,0.0,0.0,0.0,0.0,0.0,0.0,0.0,0.0,0.0,0.0,0.0,0.0,0.0,0.0,0.0,0.0,0.0,0.0,0.0,0.0,0.0,0.0,0.0,0.0,0.0,0.0,2.0,0.0,0.0,0.0,0.0,0.0,0.0,0.0,0.0,0.0,0.0,0.0,0.0,0.0,0.0,0.0,0.0,0.0,0.0,0.0,0.0,0.0,0.0,0.0,0.0
GTGGAGACAATTAGGA,1.0,1.0,3.0,1.0,2.0,0.0,0.0,0.0,0.0,0.0,3.0,1.0,3.0,1.0,0.0,0.0,5.0,2.0,5.0,0.0,2.0,1.0,0.0,2.0,0.0,2.0,0.0,0.0,0.0,2.0,3.0,3.0,6.0,0.0,0.0,0.0,2.0,1.0,0.0,0.0,0.0,0.0,0.0,0.0,0.0,0.0,0.0,0.0,0.0,0.0,3.0,0.0,0.0,0.0,1.0,0.0,1.0,0.0,0.0,0.0
GTGGAGAGTCGGTGTC,0.0,2.0,0.0,0.0,2.0,0.0,1.0,0.0,0.0,0.0,0.0,0.0,0.0,0.0,1.0,0.0,1.0,0.0,1.0,0.0,1.0,1.0,0.0,0.0,0.0,1.0,0.0,1.0,0.0,0.0,0.0,2.0,0.0,2.0,2.0,0.0,0.0,0.0,2.0,0.0,0.0,0.0,0.0,0.0,0.0,0.0,0.0,0.0,0.0,0.0,0.0,0.0,0.0,0.0,0.0,0.0,0.0,0.0,0.0,0.0
AATCACGAGAGAGCGA,0.0,0.0,0.0,0.0,0.0,0.0,0.0,0.0,4.0,0.0,0.0,0.0,2.0,0.0,1.0,2.0,4.0,0.0,0.0,0.0,0.0,2.0,0.0,0.0,0.0,2.0,1.0,0.0,1.0,0.0,0.0,0.0,2.0,0.0,0.0,0.0,0.0,0.0,2.0,0.0,0.0,0.0,0.0,0.0,0.0,0.0,0.0,0.0,0.0,0.0,0.0,0.0,0.0,0.0,0.0,0.0,0.0,0.0,0.0,0.0
TGCTCGTAGCGAATGC,6.0,4.0,1.0,1.0,2.0,1.0,0.0,2.0,0.0,1.0,8.0,5.0,2.0,5.0,2.0,0.0,1.0,0.0,17.0,0.0,0.0,1.0,4.0,0.0,0.0,0.0,0.0,0.0,0.0,0.0,2.0,0.0,1.0,0.0,0.0,0.0,4.0,1.0,11.0,0.0,0.0,3.0,0.0,0.0,0.0,0.0,0.0,0.0,0.0,0.0,8.0,0.0,0.0,0.0,1.0,0.0,0.0,0.0,1.0,0.0
GTGTGGCGTAGTGTGG,1.0,0.0,0.0,0.0,2.0,3.0,2.0,0.0,1.0,0.0,0.0,1.0,0.0,0.0,1.0,3.0,1.0,4.0,0.0,0.0,0.0,0.0,0.0,0.0,0.0,0.0,0.0,0.0,0.0,0.0,0.0,0.0,1.0,0.0,1.0,0.0,0.0,0.0,0.0,0.0,0.0,0.0,0.0,0.0,0.0,0.0,0.0,0.0,0.0,0.0,1.0,0.0,0.0,0.0,4.0,0.0,0.0,0.0,0.0,0.0
TCCAGAAGTCGTATGT,4.0,2.0,2.0,3.0,2.0,2.0,1.0,4.0,14.0,1.0,5.0,5.0,3.0,3.0,2.0,2.0,3.0,5.0,3.0,0.0,7.0,5.0,8.0,8.0,5.0,1.0,0.0,4.0,2.0,3.0,0.0,5.0,7.0,1.0,5.0,0.0,10.0,0.0,7.0,0.0,0.0,4.0,0.0,0.0,0.0,0.0,0.0,0.0,0.0,0.0,6.0,1.0,0.0,0.0,4.0,0.0,0.0,0.0,3.0,0.0
CAGCAGCGTACGGGAT,2.0,0.0,1.0,3.0,1.0,1.0,0.0,1.0,0.0,0.0,2.0,3.0,2.0,2.0,2.0,0.0,2.0,1.0,1.0,0.0,1.0,2.0,0.0,2.0,1.0,1.0,2.0,2.0,0.0,0.0,14.0,7.0,0.0,1.0,0.0,0.0,3.0,5.0,1.0,0.0,0.0,0.0,0.0,3.0,0.0,0.0,0.0,0.0,0.0,1.0,6.0,0.0,0.0,1.0,1.0,0.0,0.0,0.0,0.0,0.0
ACAGAAAGTTAGGAGC,2.0,3.0,0.0,0.0,1.0,0.0,1.0,2.0,0.0,1.0,0.0,0.0,1.0,0.0,0.0,1.0,0.0,1.0,1.0,0.0,0.0,3.0,2.0,0.0,0.0,4.0,1.0,5.0,0.0,1.0,0.0,2.0,4.0,0.0,1.0,2.0,0.0,0.0,1.0,0.0,0.0,0.0,0.0,0.0,0.0,0.0,1.0,0.0,0.0,0.0,0.0,0.0,0.0,0.0,1.0,0.0,0.0,0.0,0.0,0.0
TGTGATGAGTGTGTTC,0.0,0.0,0.0,5.0,1.0,0.0,0.0,1.0,1.0,0.0,0.0,0.0,0.0,0.0,0.0,0.0,0.0,0.0,1.0,0.0,0.0,0.0,0.0,2.0,1.0,0.0,0.0,0.0,0.0,0.0,0.0,0.0,0.0,0.0,0.0,0.0,0.0,0.0,0.0,0.0,0.0,0.0,0.0,7.0,0.0,0.0,0.0,0.0,0.0,0.0,0.0,0.0,0.0,0.0,1.0,0.0,0.0,0.0,0.0,0.0
CAGGCCAGTTGGAGGT,0.0,0.0,0.0,0.0,0.0,0.0,0.0,0.0,0.0,0.0,0.0,0.0,0.0,0.0,0.0,0.0,1.0,0.0,0.0,0.0,4.0,3.0,2.0,0.0,0.0,0.0,0.0,9.0,3.0,0.0,0.0,2.0,6.0,0.0,1.0,0.0,1.0,2.0,1.0,0.0,0.0,0.0,0.0,0.0,0.0,0.0,0.0,1.0,0.0,0.0,0.0,0.0,0.0,0.0,1.0,0.0,1.0,0.0,0.0,0.0
TTTCGATAGATCACCT,14.0,6.0,2.0,2.0,1.0,3.0,5.0,7.0,0.0,2.0,7.0,2.0,10.0,2.0,1.0,1.0,9.0,2.0,13.0,0.0,0.0,0.0,1.0,0.0,0.0,0.0,0.0,0.0,1.0,0.0,0.0,0.0,1.0,0.0,0.0,0.0,5.0,1.0,1.0,0.0,0.0,10.0,0.0,2.0,0.0,0.0,1.0,0.0,0.0,0.0,9.0,0.0,1.0,1.0,1.0,0.0,4.0,0.0,0.0,0.0
GGTAATCAGGTACAGC,2.0,2.0,0.0,0.0,1.0,0.0,2.0,0.0,1.0,0.0,0.0,1.0,1.0,0.0,1.0,5.0,1.0,1.0,0.0,0.0,0.0,2.0,0.0,0.0,0.0,0.0,1.0,3.0,0.0,1.0,0.0,0.0,0.0,2.0,0.0,1.0,0.0,0.0,2.0,0.0,0.0,1.0,0.0,0.0,0.0,0.0,3.0,0.0,0.0,0.0,0.0,0.0,0.0,0.0,1.0,1.0,0.0,0.0,0.0,0.0
AGTAACCCACTACCGG,0.0,0.0,1.0,0.0,0.0,0.0,0.0,1.0,0.0,1.0,0.0,1.0,0.0,0.0,0.0,0.0,0.0,0.0,3.0,0.0,1.0,1.0,0.0,11.0,0.0,1.0,0.0,15.0,0.0,3.0,1.0,0.0,0.0,0.0,0.0,0.0,1.0,0.0,2.0,0.0,0.0,0.0,0.0,1.0,0.0,0.0,0.0,0.0,0.0,0.0,0.0,0.0,0.0,0.0,1.0,0.0,0.0,0.0,1.0,0.0
GTGAGCCGTAGGTTTC,0.0,1.0,1.0,0.0,0.0,0.0,1.0,3.0,0.0,0.0,2.0,0.0,1.0,1.0,0.0,0.0,0.0,0.0,1.0,0.0,0.0,0.0,0.0,0.0,0.0,0.0,1.0,2.0,0.0,0.0,0.0,0.0,1.0,0.0,0.0,0.0,0.0,0.0,0.0,0.0,0.0,1.0,0.0,0.0,0.0,0.0,0.0,0.0,0.0,0.0,0.0,0.0,0.0,0.0,0.0,0.0,0.0,0.0,0.0,0.0
TTGTTTGCATCCTTCG,1.0,0.0,1.0,0.0,0.0,0.0,0.0,0.0,0.0,0.0,0.0,0.0,1.0,1.0,0.0,0.0,0.0,0.0,0.0,0.0,0.0,0.0,0.0,0.0,0.0,0.0,0.0,0.0,0.0,0.0,0.0,0.0,0.0,0.0,0.0,0.0,0.0,0.0,0.0,0.0,0.0,0.0,0.0,0.0,0.0,0.0,0.0,0.0,0.0,0.0,0.0,0.0,0.0,0.0,0.0,0.0,0.0,0.0,0.0,0.0
ACGTCCTCACTTCAGA,6.0,3.0,2.0,1.0,3.0,5.0,4.0,3.0,0.0,1.0,2.0,6.0,2.0,0.0,3.0,2.0,5.0,2.0,1.0,0.0,0.0,2.0,0.0,1.0,0.0,10.0,1.0,1.0,0.0,5.0,0.0,1.0,1.0,5.0,4.0,0.0,4.0,3.0,4.0,0.0,0.0,2.0,0.0,2.0,0.0,0.0,1.0,0.0,0.0,0.0,2.0,0.0,0.0,0.0,2.0,0.0,0.0,2.0,0.0,0.0
AGTAACCCACCAGCGT,2.0,1.0,0.0,0.0,1.0,0.0,3.0,0.0,0.0,0.0,3.0,1.0,1.0,0.0,1.0,0.0,0.0,0.0,6.0,0.0,0.0,0.0,0.0,0.0,0.0,0.0,0.0,0.0,0.0,0.0,0.0,0.0,0.0,0.0,0.0,0.0,0.0,0.0,0.0,0.0,0.0,0.0,0.0,0.0,0.0,0.0,1.0,0.0,0.0,0.0,3.0,0.0,0.0,0.0,0.0,0.0,0.0,0.0,0.0,0.0
CGTCCATCAAACCATC,1.0,0.0,0.0,0.0,0.0,1.0,3.0,3.0,0.0,0.0,0.0,3.0,0.0,0.0,2.0,0.0,0.0,0.0,0.0,0.0,0.0,0.0,0.0,0.0,2.0,1.0,4.0,0.0,0.0,0.0,0.0,0.0,0.0,1.0,0.0,0.0,2.0,2.0,0.0,0.0,0.0,0.0,0.0,0.0,0.0,0.0,0.0,0.0,0.0,0.0,0.0,0.0,0.0,0.0,0.0,0.0,0.0,0.0,0.0,0.0
TTTGTTGCATCTCCCA,0.0,0.0,0.0,0.0,0.0,0.0,0.0,0.0,1.0,0.0,0.0,0.0,0.0,0.0,1.0,1.0,0.0,0.0,0.0,0.0,0.0,0.0,0.0,0.0,0.0,0.0,0.0,0.0,0.0,0.0,0.0,0.0,0.0,0.0,0.0,0.0,0.0,0.0,0.0,0.0,0.0,0.0,0.0,0.0,0.0,0.0,0.0,0.0,0.0,0.0,0.0,0.0,0.0,0.0,0.0,0.0,0.0,0.0,0.0,0.0
ATGAGTCAGTGGCCTC,0.0,0.0,0.0,0.0,1.0,0.0,1.0,0.0,2.0,1.0,0.0,0.0,0.0,0.0,1.0,3.0,1.0,0.0,0.0,0.0,0.0,1.0,0.0,0.0,0.0,3.0,0.0,0.0,1.0,0.0,0.0,0.0,0.0,0.0,1.0,1.0,1.0,2.0,0.0,0.0,1.0,0.0,0.0,0.0,0.0,0.0,0.0,0.0,0.0,0.0,0.0,0.0,0.0,0.0,1.0,0.0,0.0,0.0,0.0,0.0
GAGTTGTGTTAAGCAA,3.0,3.0,2.0,1.0,2.0,1.0,2.0,5.0,0.0,2.0,5.0,1.0,1.0,5.0,6.0,1.0,3.0,1.0,8.0,0.0,0.0,1.0,0.0,1.0,1.0,0.0,3.0,1.0,0.0,0.0,0.0,0.0,2.0,0.0,2.0,0.0,0.0,1.0,2.0,0.0,0.0,1.0,0.0,0.0,0.0,0.0,1.0,0.0,0.0,0.0,2.0,0.0,0.0,0.0,5.0,0.0,0.0,0.0,2.0,0.0
CCCTCTCAGTCCCAAT,0.0,1.0,0.0,0.0,0.0,0.0,2.0,0.0,0.0,0.0,0.0,0.0,0.0,0.0,1.0,0.0,0.0,1.0,0.0,0.0,0.0,0.0,0.0,0.0,0.0,0.0,0.0,0.0,0.0,0.0,0.0,0.0,0.0,0.0,0.0,0.0,0.0,0.0,0.0,0.0,0.0,0.0,0.0,0.0,0.0,0.0,0.0,0.0,0.0,0.0,0.0,0.0,0.0,0.0,0.0,0.0,0.0,0.0,0.0,0.0
TTTCGATAGGTTGCCC,0.0,0.0,0.0,0.0,0.0,0.0,0.0,0.0,0.0,0.0,1.0,0.0,0.0,1.0,0.0,0.0,0.0,0.0,1.0,0.0,0.0,0.0,0.0,0.0,0.0,1.0,0.0,0.0,0.0,1.0,0.0,1.0,0.0,1.0,0.0,0.0,0.0,0.0,1.0,0.0,0.0,0.0,0.0,0.0,0.0,0.0,0.0,0.0,0.0,0.0,0.0,0.0,0.0,1.0,0.0,0.0,0.0,0.0,1.0,0.0
TCGCTCATCTGCCCTA,3.0,3.0,1.0,5.0,2.0,3.0,1.0,7.0,0.0,3.0,1.0,4.0,5.0,6.0,3.0,0.0,4.0,1.0,6.0,0.0,2.0,0.0,4.0,2.0,2.0,1.0,0.0,0.0,0.0,5.0,12.0,3.0,5.0,1.0,0.0,0.0,2.0,2.0,2.0,0.0,0.0,5.0,0.0,1.0,0.0,0.0,1.0,0.0,0.0,1.0,4.0,0.0,0.0,0.0,2.0,0.0,0.0,0.0,0.0,0.0
AGGGTGACACTTCAGA,2.0,1.0,4.0,10.0,5.0,0.0,0.0,4.0,0.0,1.0,0.0,8.0,1.0,0.0,1.0,0.0,0.0,0.0,4.0,0.0,3.0,2.0,7.0,2.0,0.0,1.0,0.0,1.0,0.0,0.0,7.0,6.0,10.0,2.0,1.0,0.0,1.0,1.0,0.0,0.0,0.0,4.0,0.0,1.0,0.0,0.0,1.0,0.0,0.0,0.0,4.0,0.0,0.0,1.0,1.0,0.0,0.0,0.0,0.0,0.0
TAGGAGGCACACCGCA,2.0,2.0,2.0,0.0,0.0,5.0,0.0,4.0,1.0,0.0,0.0,3.0,3.0,0.0,0.0,7.0,4.0,9.0,4.0,0.0,2.0,0.0,0.0,0.0,0.0,6.0,0.0,0.0,3.0,0.0,0.0,0.0,0.0,2.0,2.0,5.0,0.0,6.0,0.0,0.0,0.0,1.0,0.0,0.0,0.0,0.0,0.0,0.0,0.0,0.0,1.0,0.0,0.0,0.0,0.0,0.0,0.0,0.0,0.0,0.0
TCGCTCATCCTACAAG,0.0,2.0,0.0,0.0,2.0,0.0,0.0,0.0,0.0,0.0,1.0,0.0,1.0,0.0,1.0,0.0,0.0,0.0,0.0,0.0,0.0,0.0,0.0,0.0,0.0,0.0,0.0,0.0,0.0,0.0,0.0,0.0,0.0,0.0,0.0,0.0,0.0,0.0,0.0,0.0,0.0,0.0,0.0,0.0,0.0,0.0,0.0,0.0,0.0,0.0,0.0,0.0,0.0,0.0,0.0,0.0,0.0,0.0,0.0,0.0
GGTAACTTCTTCCTAA,6.0,6.0,2.0,0.0,7.0,3.0,2.0,3.0,0.0,0.0,1.0,2.0,5.0,0.0,6.0,0.0,3.0,1.0,3.0,0.0,3.0,5.0,5.0,0.0,1.0,10.0,5.0,0.0,0.0,0.0,1.0,2.0,5.0,2.0,2.0,1.0,7.0,2.0,1.0,0.0,0.0,3.0,1.0,0.0,1.0,0.0,1.0,0.0,0.0,0.0,1.0,0.0,0.0,0.0,2.0,0.0,3.0,0.0,0.0,0.0
TGCTCGTGTTCGAAGG,0.0,1.0,0.0,0.0,2.0,1.0,0.0,3.0,0.0,0.0,0.0,0.0,1.0,2.0,1.0,0.0,0.0,0.0,0.0,0.0,1.0,1.0,1.0,12.0,1.0,0.0,0.0,0.0,0.0,5.0,4.0,0.0,1.0,1.0,0.0,0.0,0.0,1.0,2.0,0.0,0.0,1.0,0.0,0.0,0.0,0.0,0.0,0.0,0.0,0.0,0.0,0.0,0.0,1.0,0.0,0.0,0.0,1.0,0.0,0.0
TCACGCTCAAGTCGTT,0.0,1.0,0.0,0.0,0.0,0.0,0.0,0.0,1.0,0.0,0.0,2.0,0.0,0.0,0.0,1.0,1.0,0.0,0.0,0.0,5.0,2.0,0.0,0.0,1.0,3.0,0.0,0.0,0.0,0.0,0.0,1.0,0.0,0.0,0.0,0.0,0.0,2.0,0.0,0.0,0.0,0.0,0.0,0.0,1.0,0.0,0.0,0.0,0.0,1.0,0.0,0.0,0.0,0.0,0.0,0.0,0.0,0.0,0.0,0.0
CAGCAGCTCTGCCCTA,2.0,2.0,0.0,0.0,0.0,0.0,0.0,0.0,0.0,0.0,3.0,0.0,0.0,0.0,2.0,0.0,0.0,0.0,0.0,0.0,0.0,0.0,0.0,0.0,0.0,0.0,0.0,0.0,0.0,0.0,0.0,0.0,0.0,0.0,0.0,0.0,0.0,0.0,0.0,0.0,0.0,4.0,0.0,0.0,0.0,0.0,0.0,0.0,0.0,0.0,0.0,0.0,0.0,0.0,0.0,0.0,0.0,0.0,0.0,0.0
CATACAGAGACGTCGA,0.0,0.0,0.0,0.0,3.0,0.0,0.0,6.0,0.0,0.0,0.0,0.0,0.0,0.0,0.0,0.0,0.0,1.0,0.0,0.0,0.0,0.0,0.0,0.0,2.0,1.0,0.0,0.0,0.0,0.0,0.0,2.0,0.0,0.0,0.0,0.0,1.0,0.0,0.0,0.0,0.0,0.0,0.0,0.0,0.0,0.0,0.0,0.0,0.0,0.0,0.0,0.0,0.0,0.0,0.0,1.0,0.0,0.0,0.0,0.0
ACTATTCGTAATGCTC,0.0,2.0,0.0,0.0,1.0,0.0,0.0,0.0,2.0,1.0,0.0,1.0,1.0,0.0,0.0,2.0,3.0,0.0,2.0,0.0,2.0,6.0,1.0,0.0,1.0,2.0,0.0,3.0,0.0,1.0,0.0,1.0,1.0,3.0,2.0,0.0,2.0,1.0,0.0,0.0,0.0,0.0,0.0,0.0,0.0,0.0,0.0,0.0,0.0,0.0,0.0,0.0,0.0,0.0,2.0,0.0,0.0,0.0,0.0,0.0
AATCACGTCTCATAGG,13.0,3.0,9.0,10.0,9.0,2.0,2.0,5.0,0.0,6.0,7.0,5.0,10.0,7.0,2.0,1.0,8.0,2.0,13.0,0.0,4.0,3.0,18.0,6.0,2.0,4.0,9.0,8.0,1.0,6.0,11.0,8.0,11.0,1.0,3.0,1.0,3.0,1.0,6.0,0.0,1.0,1.0,1.0,4.0,0.0,0.0,2.0,1.0,0.0,0.0,17.0,0.0,0.0,0.0,6.0,0.0,3.0,0.0,1.0,0.0
GTGGAGAGTATGAGCG,0.0,0.0,0.0,0.0,6.0,1.0,2.0,0.0,1.0,0.0,0.0,0.0,0.0,0.0,1.0,4.0,0.0,3.0,0.0,0.0,1.0,1.0,3.0,0.0,0.0,1.0,0.0,1.0,0.0,0.0,0.0,0.0,1.0,0.0,0.0,2.0,1.0,0.0,0.0,0.0,0.0,1.0,0.0,0.0,0.0,0.0,1.0,0.0,0.0,0.0,0.0,0.0,0.0,1.0,0.0,0.0,0.0,0.0,0.0,0.0
TAGGAGGAGTCTTGGT,4.0,8.0,0.0,0.0,5.0,4.0,5.0,6.0,0.0,2.0,0.0,5.0,1.0,0.0,2.0,0.0,1.0,5.0,2.0,0.0,3.0,9.0,0.0,0.0,4.0,0.0,2.0,5.0,0.0,1.0,0.0,4.0,2.0,2.0,1.0,0.0,7.0,3.0,1.0,0.0,0.0,5.0,0.0,0.0,0.0,0.0,6.0,1.0,0.0,1.0,0.0,0.0,0.0,0.0,8.0,0.0,0.0,0.0,0.0,0.0
CAGCGTGGTTCCGTTC,8.0,3.0,2.0,3.0,0.0,1.0,2.0,0.0,1.0,0.0,1.0,4.0,4.0,1.0,1.0,0.0,10.0,2.0,14.0,0.0,2.0,0.0,0.0,1.0,1.0,0.0,0.0,1.0,0.0,1.0,2.0,0.0,4.0,4.0,0.0,0.0,2.0,0.0,2.0,0.0,0.0,1.0,0.0,0.0,0.0,0.0,0.0,0.0,0.0,0.0,4.0,0.0,1.0,1.0,1.0,0.0,2.0,0.0,0.0,0.0
CACAGATCACTAAACC,7.0,2.0,6.0,3.0,0.0,3.0,3.0,12.0,0.0,2.0,3.0,3.0,4.0,6.0,0.0,0.0,5.0,3.0,9.0,0.0,6.0,0.0,2.0,0.0,0.0,0.0,2.0,1.0,1.0,0.0,3.0,3.0,1.0,2.0,0.0,0.0,15.0,1.0,3.0,0.0,0.0,3.0,0.0,1.0,0.0,0.0,2.0,0.0,0.0,0.0,2.0,0.0,0.0,0.0,1.0,0.0,1.0,0.0,3.0,0.0
TAACACGTCAATCCAG,0.0,0.0,1.0,3.0,0.0,2.0,0.0,6.0,0.0,1.0,1.0,0.0,2.0,0.0,2.0,2.0,1.0,2.0,0.0,0.0,5.0,3.0,2.0,2.0,0.0,0.0,2.0,0.0,0.0,5.0,1.0,2.0,2.0,0.0,5.0,0.0,5.0,1.0,1.0,0.0,0.0,0.0,0.0,0.0,0.0,0.0,1.0,1.0,0.0,0.0,0.0,0.0,1.0,0.0,1.0,0.0,0.0,0.0,1.0,0.0
GTCAAGTTCCTTCACG,1.0,0.0,0.0,0.0,0.0,0.0,1.0,0.0,0.0,1.0,0.0,0.0,0.0,1.0,0.0,1.0,1.0,0.0,1.0,0.0,0.0,0.0,0.0,0.0,0.0,0.0,0.0,0.0,0.0,0.0,0.0,0.0,0.0,0.0,0.0,0.0,0.0,0.0,0.0,0.0,0.0,0.0,0.0,0.0,0.0,0.0,0.0,0.0,0.0,0.0,0.0,0.0,0.0,0.0,0.0,0.0,0.0,0.0,0.0,0.0
GGTAACTTCCGGACGT,1.0,3.0,0.0,0.0,2.0,2.0,1.0,1.0,2.0,0.0,0.0,1.0,1.0,0.0,1.0,2.0,0.0,1.0,1.0,0.0,0.0,0.0,0.0,0.0,0.0,0.0,0.0,0.0,0.0,0.0,0.0,0.0,0.0,1.0,0.0,0.0,0.0,0.0,0.0,0.0,0.0,0.0,0.0,0.0,0.0,0.0,1.0,0.0,0.0,0.0,0.0,0.0,0.0,0.0,2.0,1.0,0.0,0.0,0.0,0.0
CAGCAGCTCTGGCTGG,3.0,2.0,0.0,13.0,4.0,0.0,2.0,2.0,8.0,0.0,1.0,1.0,1.0,0.0,0.0,5.0,1.0,3.0,0.0,0.0,2.0,2.0,0.0,5.0,1.0,2.0,0.0,7.0,12.0,1.0,0.0,3.0,3.0,1.0,1.0,1.0,0.0,0.0,2.0,0.0,0.0,3.0,0.0,12.0,0.0,0.0,2.0,0.0,0.0,1.0,0.0,0.0,0.0,1.0,4.0,0.0,0.0,0.0,0.0,0.0
CACAGATAGGTTGGAC,4.0,2.0,1.0,0.0,0.0,4.0,5.0,5.0,41.0,1.0,0.0,1.0,1.0,0.0,0.0,2.0,2.0,4.0,1.0,0.0,4.0,0.0,0.0,0.0,0.0,0.0,1.0,2.0,1.0,1.0,0.0,0.0,0.0,1.0,1.0,3.0,0.0,0.0,2.0,0.0,0.0,4.0,0.0,0.0,0.0,0.0,2.0,0.0,0.0,0.0,0.0,0.0,0.0,0.0,0.0,1.0,0.0,0.0,0.0,0.0
AGGGAGTAGCAGCCCT,3.0,2.0,2.0,0.0,1.0,0.0,2.0,0.0,0.0,0.0,0.0,4.0,0.0,0.0,2.0,0.0,4.0,1.0,11.0,0.0,2.0,0.0,2.0,1.0,3.0,0.0,0.0,2.0,0.0,1.0,2.0,0.0,1.0,1.0,0.0,0.0,3.0,0.0,8.0,0.0,0.0,2.0,0.0,0.0,0.0,0.0,0.0,0.0,0.0,0.0,2.0,0.0,0.0,0.0,4.0,0.0,0.0,0.0,1.0,0.0
AGACACTTCGACGCGT,1.0,0.0,2.0,0.0,1.0,1.0,0.0,3.0,0.0,1.0,1.0,3.0,0.0,0.0,1.0,3.0,1.0,0.0,1.0,0.0,3.0,0.0,1.0,0.0,0.0,0.0,1.0,0.0,1.0,0.0,1.0,4.0,2.0,0.0,3.0,0.0,0.0,1.0,0.0,0.0,1.0,0.0,0.0,0.0,0.0,0.0,0.0,0.0,0.0,0.0,2.0,0.0,0.0,0.0,3.0,0.0,0.0,0.0,0.0,0.0
ACGTCCTAGCAATTAG,5.0,2.0,1.0,5.0,1.0,0.0,0.0,1.0,0.0,3.0,4.0,2.0,4.0,7.0,0.0,1.0,0.0,2.0,3.0,0.0,5.0,0.0,2.0,1.0,1.0,1.0,0.0,0.0,0.0,0.0,0.0,0.0,4.0,3.0,1.0,0.0,1.0,0.0,1.0,0.0,0.0,3.0,0.0,0.0,0.0,1.0,1.0,0.0,0.0,0.0,5.0,0.0,0.0,0.0,0.0,0.0,0.0,0.0,1.0,0.0
CGGCAGTGTTCGGCTG,3.0,2.0,0.0,0.0,6.0,6.0,1.0,2.0,7.0,1.0,0.0,1.0,4.0,0.0,1.0,1.0,2.0,4.0,3.0,0.0,2.0,1.0,0.0,0.0,1.0,2.0,1.0,9.0,5.0,1.0,1.0,1.0,1.0,0.0,0.0,8.0,2.0,0.0,0.0,0.0,0.0,0.0,0.0,0.0,1.0,0.0,0.0,0.0,0.0,0.0,0.0,0.0,0.0,0.0,0.0,0.0,0.0,0.0,0.0,0.0
CCCTCTCCAAATGCGG,7.0,1.0,3.0,4.0,7.0,0.0,2.0,12.0,0.0,4.0,3.0,1.0,0.0,1.0,1.0,0.0,0.0,1.0,5.0,0.0,5.0,3.0,5.0,1.0,9.0,10.0,0.0,1.0,0.0,1.0,19.0,1.0,3.0,0.0,1.0,0.0,7.0,0.0,1.0,0.0,0.0,2.0,0.0,4.0,0.0,0.0,0.0,2.0,0.0,0.0,6.0,0.0,1.0,0.0,1.0,0.0,0.0,0.0,0.0,0.0
GCGTTTCGTTACACAC,2.0,2.0,5.0,2.0,2.0,0.0,0.0,2.0,2.0,0.0,0.0,3.0,1.0,0.0,1.0,0.0,0.0,0.0,1.0,0.0,1.0,0.0,0.0,4.0,0.0,2.0,1.0,0.0,0.0,0.0,1.0,0.0,3.0,1.0,2.0,0.0,0.0,0.0,0.0,0.0,0.0,0.0,0.0,0.0,0.0,0.0,0.0,0.0,0.0,0.0,3.0,0.0,0.0,0.0,0.0,0.0,1.0,0.0,0.0,0.0
AGTAACCCATGAAGGC,1.0,2.0,0.0,0.0,0.0,0.0,0.0,0.0,1.0,0.0,1.0,0.0,0.0,1.0,0.0,0.0,0.0,0.0,0.0,0.0,0.0,0.0,0.0,0.0,0.0,0.0,0.0,0.0,0.0,0.0,0.0,0.0,0.0,0.0,0.0,0.0,0.0,0.0,0.0,0.0,0.0,1.0,0.0,0.0,0.0,0.0,0.0,0.0,0.0,0.0,1.0,0.0,0.0,0.0,0.0,0.0,0.0,0.0,0.0,0.0
TCGCTCACAGTGTGCC,0.0,0.0,0.0,0.0,0.0,0.0,1.0,0.0,0.0,0.0,0.0,0.0,0.0,0.0,0.0,0.0,0.0,0.0,0.0,0.0,1.0,0.0,0.0,0.0,0.0,0.0,2.0,0.0,0.0,0.0,0.0,0.0,0.0,0.0,0.0,0.0,0.0,0.0,0.0,0.0,0.0,0.0,0.0,0.0,0.0,0.0,0.0,0.0,0.0,0.0,0.0,0.0,0.0,0.0,0.0,0.0,0.0,0.0,0.0,0.0
TAACACGAGCACCTGC,3.0,0.0,0.0,1.0,1.0,0.0,1.0,2.0,0.0,1.0,2.0,0.0,0.0,0.0,2.0,1.0,4.0,1.0,1.0,0.0,0.0,1.0,0.0,0.0,0.0,0.0,1.0,1.0,0.0,1.0,0.0,0.0,1.0,1.0,0.0,0.0,4.0,0.0,0.0,0.0,0.0,1.0,0.0,0.0,0.0,0.0,1.0,0.0,0.0,0.0,4.0,0.0,0.0,0.0,2.0,0.0,0.0,0.0,0.0,0.0
CGGCAGTTCTGGCTGG,0.0,1.0,2.0,0.0,1.0,0.0,0.0,6.0,0.0,0.0,2.0,0.0,2.0,3.0,1.0,0.0,0.0,2.0,2.0,0.0,1.0,1.0,0.0,1.0,1.0,0.0,0.0,4.0,0.0,1.0,1.0,2.0,4.0,1.0,0.0,0.0,0.0,0.0,0.0,0.0,0.0,1.0,0.0,2.0,0.0,0.0,0.0,0.0,0.0,0.0,0.0,0.0,0.0,0.0,0.0,0.0,0.0,1.0,0.0,0.0
TGTGATGTCAAAGGTA,2.0,0.0,0.0,0.0,7.0,1.0,0.0,4.0,0.0,0.0,0.0,2.0,1.0,0.0,5.0,2.0,1.0,1.0,6.0,0.0,1.0,0.0,0.0,0.0,0.0,2.0,1.0,4.0,0.0,0.0,0.0,0.0,0.0,0.0,2.0,0.0,0.0,0.0,1.0,0.0,0.0,0.0,0.0,0.0,0.0,0.0,3.0,0.0,0.0,0.0,0.0,0.0,0.0,0.0,2.0,0.0,0.0,0.0,0.0,0.0
ACCCTTGGTAGTGTGG,2.0,1.0,0.0,0.0,2.0,0.0,1.0,2.0,0.0,0.0,0.0,0.0,0.0,0.0,0.0,0.0,0.0,0.0,0.0,0.0,1.0,2.0,0.0,0.0,0.0,0.0,2.0,5.0,0.0,0.0,0.0,1.0,0.0,0.0,0.0,0.0,0.0,0.0,0.0,0.0,0.0,0.0,0.0,0.0,0.0,0.0,0.0,0.0,0.0,0.0,0.0,0.0,0.0,0.0,0.0,0.0,0.0,0.0,0.0,0.0
CACAGATCACTACCGG,1.0,4.0,0.0,4.0,2.0,2.0,0.0,5.0,1.0,0.0,6.0,0.0,1.0,2.0,0.0,0.0,0.0,0.0,2.0,0.0,1.0,0.0,0.0,0.0,1.0,0.0,0.0,0.0,0.0,4.0,0.0,3.0,6.0,1.0,3.0,0.0,1.0,1.0,2.0,0.0,0.0,2.0,0.0,0.0,0.0,0.0,0.0,0.0,0.0,0.0,9.0,0.0,0.0,0.0,0.0,0.0,0.0,0.0,0.0,0.0
TCGAAGTCACCCTCTA,0.0,0.0,0.0,0.0,0.0,0.0,0.0,0.0,0.0,0.0,0.0,0.0,0.0,0.0,0.0,0.0,0.0,0.0,2.0,0.0,0.0,0.0,0.0,0.0,0.0,0.0,0.0,0.0,0.0,0.0,0.0,0.0,0.0,0.0,0.0,0.0,0.0,0.0,0.0,0.0,0.0,0.0,0.0,0.0,0.0,0.0,0.0,0.0,0.0,0.0,0.0,0.0,0.0,0.0,0.0,0.0,0.0,0.0,0.0,0.0
GCGTTTCAGGAACTCG,1.0,1.0,2.0,2.0,4.0,1.0,1.0,2.0,2.0,3.0,2.0,4.0,3.0,2.0,2.0,1.0,11.0,2.0,4.0,0.0,0.0,8.0,2.0,2.0,5.0,3.0,0.0,3.0,1.0,0.0,13.0,3.0,2.0,0.0,0.0,0.0,0.0,0.0,0.0,0.0,0.0,3.0,0.0,0.0,0.0,1.0,1.0,0.0,0.0,0.0,9.0,0.0,0.0,0.0,2.0,1.0,0.0,0.0,0.0,0.0
TGCTCGTTCTCCGAGG,2.0,1.0,0.0,5.0,5.0,1.0,0.0,3.0,0.0,0.0,0.0,0.0,2.0,7.0,1.0,0.0,0.0,1.0,4.0,0.0,0.0,0.0,2.0,0.0,1.0,4.0,0.0,0.0,1.0,3.0,1.0,8.0,0.0,4.0,3.0,0.0,3.0,0.0,5.0,0.0,0.0,2.0,0.0,0.0,0.0,0.0,0.0,0.0,0.0,0.0,2.0,0.0,0.0,0.0,0.0,0.0,0.0,0.0,0.0,0.0
CAGCGTGCAATCAAGA,0.0,2.0,1.0,0.0,4.0,3.0,0.0,2.0,0.0,0.0,0.0,2.0,1.0,0.0,1.0,1.0,0.0,3.0,1.0,0.0,1.0,3.0,0.0,0.0,2.0,3.0,0.0,4.0,0.0,0.0,0.0,1.0,4.0,1.0,3.0,1.0,0.0,4.0,0.0,0.0,0.0,3.0,0.0,0.0,0.0,0.0,0.0,0.0,0.0,0.0,1.0,0.0,0.0,0.0,2.0,0.0,0.0,1.0,0.0,0.0
CGTCCATAGATCGCCC,4.0,2.0,0.0,0.0,5.0,3.0,1.0,4.0,31.0,3.0,0.0,3.0,2.0,0.0,2.0,5.0,3.0,7.0,1.0,0.0,2.0,0.0,0.0,0.0,0.0,0.0,4.0,11.0,3.0,2.0,0.0,1.0,0.0,0.0,0.0,8.0,0.0,1.0,0.0,0.0,0.0,2.0,0.0,0.0,0.0,0.0,0.0,0.0,0.0,0.0,0.0,0.0,0.0,0.0,3.0,0.0,0.0,0.0,0.0,0.0
ACGTCCTAGCTCTGTA,2.0,0.0,0.0,0.0,0.0,0.0,1.0,0.0,1.0,0.0,0.0,0.0,0.0,0.0,0.0,1.0,0.0,1.0,2.0,0.0,1.0,2.0,6.0,0.0,5.0,0.0,0.0,2.0,5.0,0.0,1.0,0.0,2.0,0.0,0.0,0.0,2.0,1.0,4.0,0.0,0.0,0.0,1.0,0.0,0.0,0.0,1.0,0.0,0.0,0.0,2.0,0.0,0.0,0.0,0.0,0.0,0.0,0.0,1.0,0.0
GTGTGGCTCAAGAAAC,3.0,1.0,0.0,0.0,1.0,2.0,0.0,4.0,6.0,1.0,0.0,1.0,0.0,0.0,2.0,5.0,1.0,2.0,1.0,0.0,0.0,0.0,0.0,0.0,4.0,2.0,4.0,4.0,18.0,1.0,0.0,0.0,0.0,1.0,1.0,10.0,0.0,3.0,0.0,0.0,0.0,0.0,0.0,0.0,0.0,0.0,0.0,0.0,0.0,0.0,0.0,0.0,0.0,0.0,0.0,0.0,0.0,0.0,0.0,0.0
ACTGTGACAATCTCGA,0.0,2.0,0.0,0.0,0.0,1.0,0.0,2.0,1.0,9.0,0.0,0.0,0.0,0.0,2.0,1.0,0.0,2.0,2.0,0.0,0.0,0.0,0.0,0.0,0.0,2.0,5.0,0.0,1.0,1.0,0.0,0.0,2.0,2.0,0.0,2.0,0.0,0.0,3.0,0.0,0.0,1.0,0.0,0.0,0.0,0.0,2.0,1.0,0.0,0.0,0.0,0.0,0.0,0.0,0.0,0.0,0.0,0.0,2.0,0.0
TGGTACAGTTCCACGG,3.0,0.0,1.0,0.0,2.0,1.0,2.0,1.0,2.0,2.0,1.0,0.0,1.0,0.0,1.0,6.0,0.0,1.0,1.0,0.0,0.0,0.0,2.0,0.0,0.0,3.0,7.0,15.0,0.0,0.0,1.0,2.0,0.0,0.0,4.0,21.0,0.0,3.0,0.0,0.0,0.0,2.0,0.0,0.0,0.0,0.0,1.0,0.0,0.0,0.0,3.0,0.0,0.0,0.0,5.0,1.0,0.0,0.0,0.0,0.0
TCACGCTCAAGAGTAT,2.0,0.0,1.0,8.0,1.0,2.0,2.0,10.0,15.0,0.0,1.0,3.0,2.0,0.0,0.0,6.0,1.0,2.0,2.0,0.0,0.0,3.0,2.0,1.0,6.0,5.0,1.0,7.0,3.0,4.0,3.0,4.0,4.0,1.0,2.0,12.0,0.0,0.0,1.0,0.0,0.0,1.0,0.0,5.0,0.0,0.0,2.0,1.0,0.0,0.0,2.0,0.0,0.0,0.0,1.0,2.0,0.0,0.0,0.0,0.0
TTCGATTTCTGGCTGG,0.0,0.0,0.0,0.0,0.0,0.0,1.0,1.0,0.0,0.0,0.0,0.0,1.0,0.0,0.0,0.0,0.0,1.0,0.0,0.0,1.0,3.0,0.0,0.0,0.0,1.0,0.0,4.0,0.0,0.0,0.0,1.0,1.0,0.0,0.0,0.0,0.0,1.0,0.0,0.0,0.0,1.0,0.0,0.0,0.0,0.0,0.0,0.0,0.0,0.0,0.0,0.0,0.0,0.0,0.0,0.0,0.0,0.0,0.0,0.0
ACTGTGAGTAGCGTAG,1.0,4.0,0.0,0.0,6.0,2.0,4.0,1.0,0.0,2.0,0.0,5.0,2.0,0.0,3.0,0.0,1.0,1.0,0.0,0.0,0.0,14.0,2.0,0.0,2.0,1.0,1.0,0.0,0.0,1.0,0.0,0.0,9.0,0.0,4.0,0.0,0.0,2.0,0.0,0.0,0.0,4.0,0.0,0.0,0.0,0.0,3.0,0.0,0.0,1.0,0.0,0.0,0.0,0.0,3.0,0.0,0.0,0.0,0.0,0.0
ACGTCCTGTAATGCTC,5.0,1.0,1.0,2.0,3.0,1.0,2.0,11.0,1.0,3.0,0.0,1.0,0.0,5.0,2.0,1.0,2.0,0.0,4.0,0.0,4.0,0.0,3.0,1.0,0.0,0.0,0.0,0.0,4.0,0.0,0.0,2.0,5.0,3.0,0.0,0.0,0.0,5.0,6.0,0.0,3.0,2.0,0.0,0.0,0.0,0.0,0.0,0.0,0.0,0.0,0.0,0.0,0.0,1.0,3.0,0.0,0.0,0.0,0.0,0.0
CACAGATTCGTAGAGG,4.0,1.0,0.0,0.0,2.0,0.0,0.0,3.0,0.0,0.0,2.0,3.0,0.0,0.0,1.0,0.0,0.0,1.0,0.0,0.0,0.0,0.0,0.0,0.0,0.0,0.0,0.0,0.0,0.0,0.0,0.0,0.0,0.0,0.0,0.0,0.0,0.0,0.0,0.0,0.0,0.0,3.0,0.0,0.0,0.0,0.0,0.0,0.0,0.0,0.0,1.0,0.0,0.0,0.0,1.0,0.0,0.0,0.0,0.0,0.0
ACGTCCTAGTATAACG,0.0,0.0,0.0,0.0,0.0,0.0,0.0,0.0,0.0,1.0,3.0,0.0,0.0,0.0,0.0,0.0,0.0,0.0,2.0,0.0,0.0,0.0,0.0,0.0,0.0,0.0,0.0,0.0,0.0,0.0,0.0,0.0,0.0,0.0,0.0,0.0,0.0,0.0,0.0,0.0,0.0,0.0,0.0,0.0,0.0,0.0,0.0,0.0,0.0,0.0,1.0,0.0,0.0,0.0,0.0,0.0,0.0,0.0,0.0,0.0
TCGCTCACAATCTGCA,7.0,2.0,1.0,5.0,1.0,3.0,1.0,11.0,1.0,1.0,2.0,6.0,7.0,8.0,3.0,0.0,4.0,3.0,3.0,0.0,1.0,1.0,4.0,4.0,1.0,2.0,0.0,9.0,0.0,1.0,0.0,2.0,2.0,0.0,1.0,0.0,1.0,0.0,2.0,0.0,1.0,3.0,0.0,3.0,0.0,0.0,0.0,0.0,0.0,0.0,3.0,0.0,0.0,1.0,3.0,0.0,0.0,0.0,0.0,0.0
CAGCGTGAGGAACTCG,0.0,0.0,3.0,3.0,0.0,0.0,1.0,3.0,0.0,0.0,1.0,1.0,2.0,1.0,1.0,0.0,2.0,1.0,2.0,0.0,2.0,2.0,0.0,5.0,0.0,0.0,1.0,5.0,0.0,1.0,0.0,0.0,2.0,11.0,0.0,0.0,0.0,0.0,1.0,0.0,1.0,0.0,0.0,3.0,0.0,0.0,0.0,1.0,0.0,0.0,0.0,0.0,0.0,0.0,0.0,0.0,0.0,0.0,0.0,0.0
ACCCTTGAGAGAGCGG,3.0,0.0,0.0,0.0,3.0,3.0,0.0,1.0,15.0,2.0,0.0,1.0,0.0,0.0,0.0,10.0,2.0,1.0,2.0,0.0,0.0,0.0,0.0,0.0,0.0,0.0,0.0,4.0,1.0,0.0,0.0,1.0,1.0,0.0,0.0,2.0,0.0,0.0,0.0,0.0,0.0,0.0,0.0,0.0,0.0,0.0,0.0,0.0,0.0,0.0,0.0,0.0,0.0,0.0,2.0,1.0,0.0,0.0,0.0,0.0
TTTCATGGTAATGCTC,0.0,2.0,0.0,3.0,1.0,4.0,2.0,3.0,4.0,3.0,0.0,2.0,0.0,0.0,0.0,5.0,0.0,0.0,0.0,0.0,1.0,1.0,0.0,1.0,0.0,13.0,0.0,0.0,1.0,0.0,0.0,0.0,0.0,0.0,8.0,6.0,0.0,13.0,0.0,0.0,0.0,0.0,0.0,1.0,0.0,0.0,1.0,0.0,0.0,0.0,0.0,0.0,0.0,0.0,3.0,1.0,0.0,0.0,0.0,0.0
TTCGATTTCCGCTTAC,0.0,1.0,0.0,0.0,3.0,0.0,0.0,0.0,5.0,0.0,0.0,1.0,0.0,0.0,0.0,0.0,0.0,0.0,0.0,0.0,1.0,0.0,0.0,0.0,0.0,5.0,1.0,0.0,1.0,1.0,0.0,1.0,0.0,0.0,4.0,12.0,0.0,0.0,0.0,0.0,0.0,0.0,0.0,0.0,0.0,0.0,0.0,0.0,0.0,0.0,0.0,0.0,0.0,0.0,0.0,0.0,0.0,0.0,0.0,0.0
ATGAGTCCAATCTCGA,1.0,1.0,0.0,0.0,0.0,0.0,0.0,1.0,0.0,0.0,2.0,0.0,1.0,0.0,0.0,0.0,0.0,1.0,0.0,0.0,0.0,0.0,0.0,0.0,0.0,0.0,0.0,0.0,0.0,0.0,0.0,0.0,0.0,0.0,0.0,0.0,0.0,0.0,0.0,0.0,0.0,0.0,0.0,0.0,0.0,0.0,0.0,0.0,0.0,0.0,3.0,0.0,0.0,0.0,0.0,0.0,0.0,0.0,0.0,0.0
AGTAACCGTAGCGTAG,9.0,2.0,0.0,0.0,2.0,2.0,4.0,7.0,10.0,2.0,0.0,2.0,0.0,0.0,1.0,5.0,5.0,5.0,0.0,0.0,1.0,0.0,0.0,0.0,0.0,2.0,0.0,2.0,13.0,0.0,0.0,2.0,0.0,0.0,0.0,1.0,0.0,0.0,0.0,0.0,0.0,4.0,0.0,0.0,0.0,0.0,1.0,0.0,0.0,0.0,0.0,0.0,0.0,0.0,2.0,1.0,0.0,0.0,0.0,0.0
GAGGGTACACTACCGG,0.0,0.0,0.0,0.0,0.0,0.0,3.0,0.0,0.0,0.0,0.0,0.0,0.0,0.0,0.0,0.0,0.0,0.0,0.0,0.0,0.0,0.0,0.0,0.0,0.0,0.0,0.0,0.0,0.0,0.0,0.0,0.0,0.0,0.0,0.0,0.0,0.0,0.0,0.0,0.0,0.0,0.0,0.0,0.0,0.0,0.0,0.0,0.0,0.0,0.0,0.0,0.0,0.0,0.0,0.0,0.0,0.0,0.0,0.0,0.0
ACTGTGAAGAAATTGC,0.0,0.0,0.0,0.0,0.0,0.0,0.0,0.0,1.0,0.0,0.0,0.0,0.0,0.0,0.0,0.0,0.0,0.0,0.0,0.0,0.0,0.0,0.0,0.0,0.0,0.0,0.0,0.0,0.0,0.0,0.0,0.0,0.0,0.0,0.0,0.0,1.0,0.0,0.0,0.0,0.0,0.0,0.0,0.0,0.0,0.0,0.0,0.0,0.0,0.0,0.0,0.0,0.0,0.0,0.0,0.0,0.0,0.0,0.0,0.0
AGTAGTCTCACAAGAA,0.0,0.0,0.0,0.0,0.0,0.0,0.0,1.0,0.0,0.0,0.0,0.0,0.0,0.0,0.0,0.0,0.0,0.0,1.0,0.0,0.0,2.0,0.0,0.0,0.0,0.0,1.0,0.0,0.0,0.0,0.0,3.0,0.0,0.0,1.0,0.0,1.0,0.0,1.0,0.0,0.0,0.0,0.0,0.0,0.0,0.0,0.0,0.0,0.0,0.0,0.0,0.0,0.0,0.0,1.0,0.0,0.0,0.0,0.0,0.0
AGTGACTCAGACCTAT,1.0,0.0,0.0,0.0,1.0,0.0,0.0,1.0,3.0,0.0,0.0,0.0,0.0,1.0,1.0,0.0,3.0,0.0,3.0,0.0,0.0,0.0,0.0,0.0,0.0,1.0,0.0,1.0,0.0,0.0,0.0,2.0,1.0,0.0,0.0,0.0,0.0,0.0,0.0,0.0,0.0,0.0,0.0,0.0,0.0,1.0,2.0,0.0,0.0,0.0,0.0,0.0,0.0,0.0,1.0,0.0,0.0,0.0,0.0,0.0
ACTGTGATCTCTAGGA,0.0,0.0,0.0,0.0,4.0,0.0,0.0,0.0,5.0,0.0,0.0,0.0,1.0,0.0,0.0,1.0,1.0,0.0,1.0,0.0,0.0,1.0,0.0,3.0,2.0,0.0,0.0,1.0,1.0,0.0,0.0,0.0,0.0,0.0,0.0,3.0,1.0,1.0,1.0,0.0,0.0,0.0,0.0,0.0,0.0,0.0,0.0,0.0,0.0,0.0,0.0,0.0,0.0,0.0,0.0,5.0,1.0,0.0,0.0,0.0
GTCAAGTCATCCTATT,3.0,4.0,3.0,2.0,6.0,1.0,0.0,5.0,1.0,1.0,0.0,7.0,4.0,6.0,4.0,2.0,1.0,1.0,10.0,0.0,10.0,1.0,4.0,2.0,4.0,1.0,1.0,0.0,0.0,2.0,12.0,8.0,3.0,2.0,2.0,0.0,8.0,1.0,7.0,0.0,1.0,1.0,0.0,0.0,0.0,0.0,0.0,0.0,0.0,0.0,7.0,0.0,0.0,1.0,7.0,0.0,0.0,0.0,1.0,0.0
TTTCATGTCTTAGCAG,5.0,4.0,0.0,6.0,3.0,1.0,1.0,6.0,0.0,3.0,3.0,1.0,3.0,7.0,4.0,0.0,4.0,1.0,10.0,0.0,4.0,2.0,0.0,4.0,3.0,0.0,3.0,0.0,0.0,0.0,4.0,3.0,11.0,8.0,2.0,0.0,3.0,2.0,9.0,0.0,1.0,3.0,0.0,0.0,0.0,0.0,1.0,0.0,0.0,0.0,5.0,0.0,0.0,0.0,0.0,0.0,0.0,0.0,0.0,0.0
AGACACTAGTCTTGGT,3.0,0.0,0.0,0.0,6.0,2.0,0.0,4.0,3.0,2.0,0.0,3.0,1.0,0.0,0.0,6.0,0.0,3.0,2.0,0.0,1.0,1.0,0.0,0.0,2.0,1.0,7.0,3.0,2.0,0.0,0.0,2.0,1.0,0.0,1.0,4.0,0.0,2.0,0.0,0.0,0.0,1.0,1.0,0.0,0.0,0.0,4.0,0.0,0.0,0.0,0.0,0.0,0.0,0.0,1.0,0.0,0.0,0.0,0.0,0.0
ACTTTCACACCCTCTA,2.0,0.0,1.0,0.0,6.0,0.0,0.0,6.0,0.0,1.0,0.0,1.0,0.0,0.0,1.0,8.0,0.0,2.0,2.0,0.0,1.0,0.0,1.0,0.0,3.0,3.0,2.0,2.0,1.0,0.0,3.0,0.0,0.0,0.0,1.0,15.0,2.0,1.0,0.0,0.0,0.0,2.0,0.0,0.0,0.0,0.0,0.0,0.0,0.0,0.0,1.0,0.0,0.0,0.0,1.0,3.0,0.0,0.0,0.0,0.0
CAGCAGCTCGCCTTGT,11.0,8.0,8.0,3.0,4.0,4.0,3.0,16.0,0.0,6.0,12.0,5.0,9.0,5.0,3.0,2.0,9.0,6.0,21.0,0.0,7.0,4.0,14.0,2.0,3.0,0.0,5.0,6.0,0.0,7.0,7.0,2.0,5.0,4.0,4.0,0.0,13.0,1.0,15.0,0.0,0.0,6.0,0.0,3.0,0.0,1.0,1.0,0.0,0.0,0.0,19.0,0.0,0.0,0.0,9.0,0.0,0.0,0.0,0.0,0.0
GAGGGTAAGGTACAGC,9.0,5.0,2.0,2.0,6.0,1.0,1.0,1.0,0.0,2.0,5.0,2.0,1.0,1.0,1.0,0.0,6.0,0.0,7.0,0.0,1.0,0.0,3.0,0.0,4.0,3.0,3.0,0.0,0.0,3.0,2.0,1.0,1.0,1.0,2.0,0.0,2.0,0.0,4.0,0.0,1.0,1.0,0.0,0.0,0.0,0.0,1.0,0.0,0.0,0.0,4.0,0.0,0.0,0.0,1.0,0.0,0.0,0.0,0.0,0.0
ACCCTTGCATGAAGCG,0.0,3.0,1.0,0.0,3.0,0.0,0.0,0.0,6.0,1.0,0.0,0.0,0.0,0.0,1.0,4.0,1.0,4.0,0.0,0.0,0.0,0.0,0.0,0.0,0.0,0.0,0.0,0.0,0.0,0.0,0.0,0.0,0.0,1.0,0.0,2.0,0.0,0.0,0.0,0.0,0.0,2.0,0.0,0.0,0.0,0.0,0.0,0.0,0.0,0.0,0.0,0.0,0.0,0.0,1.0,0.0,0.0,0.0,0.0,0.0
ACCCTTGCATCAGTGT,1.0,0.0,0.0,0.0,7.0,1.0,1.0,1.0,0.0,1.0,1.0,3.0,1.0,1.0,1.0,0.0,4.0,0.0,5.0,0.0,2.0,1.0,4.0,0.0,4.0,0.0,0.0,0.0,0.0,0.0,0.0,0.0,4.0,1.0,2.0,0.0,3.0,1.0,7.0,0.0,0.0,3.0,0.0,0.0,0.0,0.0,0.0,0.0,0.0,0.0,1.0,0.0,0.0,0.0,0.0,0.0,0.0,0.0,1.0,0.0
TGTCCTGCAAGTCGTT,10.0,3.0,8.0,8.0,5.0,2.0,2.0,17.0,0.0,5.0,5.0,3.0,2.0,2.0,3.0,0.0,10.0,3.0,10.0,0.0,1.0,4.0,12.0,8.0,2.0,1.0,4.0,6.0,0.0,3.0,2.0,2.0,2.0,4.0,5.0,0.0,6.0,1.0,0.0,0.0,0.0,3.0,1.0,1.0,0.0,0.0,2.0,1.0,0.0,0.0,15.0,0.0,0.0,0.0,5.0,0.0,1.0,0.0,0.0,0.0
GAGGGTAAGATACCAA,0.0,0.0,0.0,0.0,0.0,0.0,0.0,0.0,1.0,0.0,0.0,1.0,0.0,0.0,0.0,1.0,0.0,0.0,1.0,0.0,0.0,0.0,0.0,0.0,0.0,0.0,0.0,0.0,0.0,0.0,1.0,0.0,0.0,0.0,0.0,0.0,0.0,0.0,0.0,0.0,0.0,0.0,0.0,0.0,0.0,0.0,0.0,0.0,0.0,0.0,0.0,0.0,0.0,0.0,0.0,0.0,0.0,0.0,0.0,0.0
TTTGTTGAGATGCTTC,4.0,1.0,0.0,0.0,6.0,3.0,3.0,1.0,7.0,4.0,1.0,0.0,2.0,0.0,2.0,11.0,3.0,3.0,0.0,0.0,0.0,4.0,0.0,0.0,0.0,4.0,11.0,0.0,6.0,0.0,0.0,0.0,0.0,2.0,3.0,9.0,0.0,0.0,3.0,0.0,0.0,1.0,0.0,0.0,0.0,0.0,4.0,0.0,0.0,0.0,0.0,0.0,0.0,0.0,2.0,2.0,0.0,0.0,0.0,0.0
TTGTTTGTCGTTTACT,1.0,1.0,0.0,0.0,0.0,1.0,1.0,2.0,0.0,0.0,0.0,4.0,0.0,0.0,1.0,6.0,0.0,0.0,3.0,0.0,0.0,0.0,0.0,0.0,0.0,1.0,2.0,2.0,7.0,1.0,0.0,0.0,2.0,0.0,1.0,13.0,0.0,0.0,3.0,0.0,0.0,0.0,0.0,0.0,0.0,0.0,0.0,0.0,0.0,0.0,0.0,0.0,0.0,0.0,0.0,0.0,0.0,0.0,0.0,0.0
GGTAATCGTGACAGGT,0.0,2.0,1.0,0.0,3.0,0.0,1.0,1.0,0.0,0.0,0.0,0.0,1.0,0.0,2.0,1.0,0.0,1.0,1.0,0.0,0.0,0.0,0.0,0.0,0.0,0.0,0.0,0.0,0.0,0.0,0.0,0.0,0.0,1.0,0.0,0.0,0.0,0.0,0.0,0.0,0.0,0.0,0.0,0.0,0.0,0.0,0.0,0.0,0.0,0.0,0.0,0.0,0.0,0.0,0.0,0.0,0.0,0.0,0.0,0.0
TATTGCTCACAAATCC,5.0,2.0,0.0,0.0,0.0,0.0,1.0,2.0,16.0,1.0,0.0,0.0,0.0,0.0,1.0,5.0,1.0,4.0,2.0,0.0,0.0,0.0,0.0,0.0,2.0,3.0,12.0,2.0,0.0,0.0,0.0,0.0,0.0,0.0,2.0,10.0,1.0,4.0,0.0,0.0,0.0,1.0,0.0,0.0,0.0,0.0,1.0,0.0,0.0,1.0,0.0,0.0,0.0,0.0,1.0,2.0,0.0,0.0,0.0,0.0
GTGAGCCTCGCCCAGA,0.0,1.0,0.0,0.0,2.0,2.0,0.0,5.0,5.0,1.0,0.0,0.0,0.0,0.0,1.0,3.0,4.0,0.0,3.0,0.0,5.0,0.0,0.0,0.0,1.0,3.0,5.0,13.0,11.0,2.0,3.0,0.0,3.0,0.0,1.0,22.0,0.0,1.0,0.0,0.0,1.0,2.0,0.0,0.0,0.0,0.0,0.0,1.0,0.0,0.0,0.0,0.0,0.0,0.0,3.0,1.0,0.0,0.0,0.0,0.0
TGTCCTGCACTACCGG,3.0,3.0,2.0,2.0,1.0,0.0,2.0,2.0,0.0,0.0,5.0,0.0,0.0,2.0,1.0,0.0,1.0,0.0,7.0,0.0,6.0,1.0,2.0,6.0,0.0,0.0,0.0,1.0,0.0,4.0,1.0,1.0,2.0,1.0,0.0,0.0,0.0,0.0,1.0,0.0,0.0,1.0,0.0,0.0,0.0,0.0,0.0,0.0,0.0,1.0,5.0,0.0,0.0,0.0,0.0,0.0,0.0,0.0,0.0,0.0
ACTTTCAAGATCACCT,1.0,1.0,0.0,0.0,0.0,0.0,0.0,0.0,0.0,0.0,0.0,0.0,1.0,0.0,0.0,1.0,0.0,0.0,0.0,0.0,0.0,0.0,0.0,0.0,0.0,0.0,0.0,0.0,2.0,0.0,0.0,0.0,0.0,0.0,0.0,0.0,0.0,0.0,0.0,0.0,0.0,0.0,0.0,0.0,0.0,0.0,0.0,0.0,0.0,0.0,0.0,0.0,0.0,0.0,0.0,0.0,0.0,0.0,0.0,0.0
ATGAGTCCATGAAGCG,3.0,4.0,3.0,0.0,9.0,1.0,7.0,4.0,0.0,1.0,6.0,2.0,4.0,2.0,1.0,1.0,0.0,2.0,12.0,0.0,1.0,0.0,1.0,0.0,8.0,1.0,0.0,1.0,0.0,0.0,0.0,3.0,5.0,0.0,3.0,0.0,3.0,2.0,2.0,0.0,0.0,2.0,0.0,0.0,1.0,0.0,3.0,0.0,0.0,0.0,8.0,0.0,0.0,0.0,8.0,0.0,0.0,0.0,0.0,0.0
TGGTACAGTAATGCTC,7.0,2.0,6.0,3.0,2.0,4.0,0.0,10.0,0.0,2.0,0.0,1.0,3.0,7.0,2.0,2.0,3.0,1.0,13.0,0.0,4.0,6.0,6.0,0.0,4.0,2.0,0.0,7.0,1.0,2.0,3.0,3.0,2.0,2.0,3.0,0.0,10.0,1.0,7.0,0.0,0.0,0.0,1.0,2.0,0.0,0.0,1.0,0.0,0.0,0.0,5.0,0.0,0.0,0.0,1.0,0.0,1.0,0.0,1.0,0.0
TTTGTTGTCTGAATCG,9.0,2.0,3.0,6.0,2.0,3.0,3.0,10.0,0.0,3.0,5.0,9.0,10.0,1.0,9.0,0.0,6.0,2.0,8.0,0.0,1.0,2.0,1.0,4.0,0.0,4.0,9.0,0.0,0.0,0.0,1.0,2.0,4.0,1.0,7.0,0.0,7.0,4.0,10.0,0.0,2.0,9.0,0.0,0.0,0.0,0.0,5.0,0.0,0.0,0.0,7.0,0.0,0.0,0.0,8.0,0.0,1.0,0.0,2.0,0.0
AATCACGAGAGAGCGG,0.0,0.0,0.0,0.0,1.0,2.0,0.0,0.0,1.0,1.0,0.0,0.0,1.0,0.0,0.0,6.0,1.0,2.0,0.0,0.0,0.0,1.0,1.0,0.0,1.0,3.0,2.0,1.0,1.0,0.0,0.0,0.0,0.0,0.0,0.0,1.0,1.0,1.0,0.0,0.0,0.0,0.0,0.0,0.0,0.0,0.0,0.0,0.0,0.0,0.0,0.0,0.0,0.0,0.0,1.0,1.0,0.0,0.0,0.0,0.0
ATGAGTCCAGCTACTA,0.0,0.0,0.0,0.0,1.0,1.0,0.0,1.0,1.0,0.0,0.0,0.0,0.0,0.0,0.0,0.0,0.0,0.0,0.0,0.0,0.0,1.0,0.0,0.0,2.0,4.0,3.0,7.0,2.0,1.0,0.0,0.0,1.0,0.0,3.0,1.0,0.0,1.0,1.0,0.0,0.0,0.0,0.0,0.0,1.0,0.0,0.0,0.0,0.0,0.0,0.0,0.0,0.0,0.0,1.0,1.0,0.0,0.0,1.0,0.0
TCGAAGTAGACGTCCC,6.0,0.0,0.0,0.0,5.0,0.0,4.0,0.0,0.0,2.0,18.0,1.0,0.0,3.0,0.0,0.0,1.0,0.0,2.0,0.0,1.0,0.0,2.0,0.0,1.0,1.0,2.0,0.0,0.0,0.0,0.0,0.0,0.0,0.0,0.0,0.0,0.0,0.0,0.0,0.0,0.0,2.0,0.0,0.0,0.0,0.0,2.0,0.0,0.0,0.0,11.0,0.0,0.0,0.0,4.0,0.0,0.0,0.0,0.0,0.0
TCCAGAACACGCGCAT,0.0,0.0,2.0,0.0,2.0,2.0,1.0,1.0,2.0,7.0,0.0,3.0,1.0,0.0,1.0,1.0,0.0,4.0,1.0,0.0,0.0,0.0,1.0,0.0,0.0,1.0,4.0,3.0,1.0,0.0,0.0,0.0,1.0,0.0,0.0,0.0,4.0,4.0,0.0,0.0,0.0,0.0,0.0,0.0,0.0,0.0,0.0,0.0,0.0,1.0,0.0,0.0,0.0,0.0,1.0,0.0,0.0,0.0,1.0,0.0
TTACAGGAGCTCTGTA,1.0,2.0,0.0,1.0,0.0,0.0,0.0,3.0,2.0,4.0,2.0,5.0,3.0,3.0,0.0,3.0,0.0,1.0,0.0,0.0,1.0,1.0,2.0,1.0,1.0,0.0,0.0,0.0,1.0,0.0,13.0,0.0,3.0,1.0,1.0,0.0,1.0,2.0,0.0,0.0,0.0,0.0,0.0,1.0,0.0,0.0,0.0,0.0,0.0,0.0,5.0,0.0,0.0,0.0,1.0,0.0,0.0,0.0,0.0,0.0
ACTGTGAGTTCGAAGG,10.0,4.0,2.0,5.0,7.0,1.0,0.0,4.0,1.0,1.0,1.0,6.0,1.0,3.0,1.0,3.0,3.0,2.0,7.0,0.0,4.0,3.0,1.0,0.0,0.0,1.0,1.0,1.0,0.0,2.0,1.0,3.0,3.0,5.0,4.0,0.0,2.0,2.0,2.0,0.0,0.0,4.0,0.0,0.0,0.0,0.0,0.0,0.0,0.0,0.0,6.0,0.0,0.0,0.0,0.0,1.0,0.0,1.0,0.0,0.0
TGTCCTGCACCGTGAC,0.0,0.0,0.0,0.0,1.0,0.0,0.0,0.0,0.0,0.0,0.0,0.0,1.0,0.0,0.0,2.0,1.0,1.0,1.0,0.0,1.0,2.0,1.0,0.0,1.0,0.0,0.0,0.0,0.0,3.0,0.0,0.0,8.0,0.0,2.0,0.0,1.0,1.0,1.0,0.0,0.0,0.0,0.0,0.0,0.0,0.0,0.0,0.0,0.0,0.0,0.0,0.0,0.0,0.0,0.0,0.0,0.0,0.0,0.0,0.0
TATTGCTAGTAGGAAG,3.0,0.0,1.0,1.0,1.0,0.0,1.0,0.0,0.0,0.0,1.0,2.0,1.0,2.0,1.0,0.0,0.0,0.0,3.0,0.0,3.0,2.0,2.0,4.0,1.0,0.0,1.0,1.0,1.0,0.0,7.0,2.0,3.0,0.0,0.0,0.0,1.0,0.0,0.0,0.0,0.0,1.0,0.0,0.0,0.0,0.0,0.0,0.0,0.0,0.0,3.0,1.0,0.0,0.0,0.0,0.0,0.0,0.0,0.0,0.0
TGTCCTGCATGAAGCG,0.0,2.0,0.0,0.0,5.0,0.0,0.0,3.0,0.0,1.0,0.0,0.0,0.0,0.0,0.0,7.0,1.0,4.0,1.0,0.0,0.0,0.0,0.0,0.0,2.0,3.0,2.0,2.0,1.0,2.0,0.0,1.0,0.0,11.0,0.0,9.0,3.0,0.0,0.0,0.0,0.0,0.0,0.0,0.0,0.0,1.0,0.0,0.0,0.0,0.0,0.0,0.0,0.0,0.0,1.0,1.0,0.0,0.0,0.0,0.0
GGTAATCAGTGTGTTC,13.0,3.0,4.0,1.0,3.0,1.0,1.0,7.0,0.0,5.0,1.0,4.0,7.0,4.0,3.0,1.0,6.0,2.0,6.0,0.0,0.0,0.0,2.0,0.0,5.0,1.0,2.0,2.0,0.0,1.0,0.0,0.0,2.0,11.0,0.0,0.0,10.0,0.0,8.0,0.0,0.0,3.0,0.0,0.0,0.0,0.0,0.0,0.0,0.0,0.0,3.0,0.0,0.0,0.0,1.0,0.0,0.0,0.0,1.0,0.0
ACTGTGATCTGAATCG,1.0,0.0,0.0,0.0,0.0,0.0,0.0,0.0,1.0,0.0,0.0,1.0,0.0,0.0,1.0,0.0,0.0,0.0,0.0,0.0,0.0,2.0,2.0,0.0,3.0,1.0,1.0,0.0,0.0,1.0,3.0,0.0,2.0,1.0,0.0,0.0,0.0,0.0,3.0,0.0,1.0,3.0,0.0,0.0,0.0,0.0,0.0,0.0,0.0,0.0,0.0,0.0,0.0,0.0,1.0,0.0,0.0,0.0,1.0,0.0
CATACAGTCCCAAGCG,0.0,0.0,0.0,0.0,0.0,0.0,0.0,0.0,0.0,0.0,0.0,0.0,0.0,0.0,0.0,0.0,0.0,0.0,0.0,0.0,0.0,1.0,0.0,0.0,1.0,0.0,0.0,0.0,0.0,0.0,0.0,0.0,0.0,0.0,0.0,1.0,0.0,0.0,1.0,0.0,0.0,0.0,0.0,0.0,0.0,1.0,0.0,0.0,0.0,0.0,0.0,0.0,0.0,0.0,0.0,0.0,0.0,0.0,0.0,0.0
ACTGTGAGTTCCGTTC,1.0,0.0,4.0,0.0,9.0,1.0,1.0,0.0,0.0,0.0,2.0,1.0,2.0,1.0,1.0,0.0,0.0,0.0,4.0,0.0,2.0,0.0,2.0,0.0,0.0,0.0,3.0,0.0,0.0,0.0,1.0,1.0,4.0,0.0,4.0,0.0,1.0,0.0,0.0,0.0,1.0,3.0,0.0,0.0,0.0,0.0,0.0,0.0,0.0,0.0,2.0,0.0,0.0,0.0,0.0,1.0,0.0,0.0,1.0,0.0
TTTGTTGAGCAATTAG,2.0,2.0,0.0,0.0,2.0,0.0,3.0,0.0,0.0,0.0,0.0,0.0,1.0,0.0,2.0,0.0,0.0,1.0,2.0,0.0,0.0,0.0,0.0,0.0,0.0,0.0,0.0,0.0,0.0,0.0,0.0,0.0,0.0,0.0,0.0,0.0,0.0,0.0,0.0,0.0,0.0,3.0,0.0,0.0,0.0,0.0,1.0,0.0,0.0,0.0,1.0,0.0,0.0,0.0,1.0,0.0,0.0,0.0,0.0,0.0
TTTCATGCATGAATAG,2.0,0.0,0.0,0.0,5.0,2.0,0.0,1.0,5.0,0.0,1.0,1.0,0.0,0.0,1.0,3.0,1.0,2.0,2.0,0.0,1.0,0.0,0.0,0.0,2.0,2.0,11.0,2.0,0.0,1.0,0.0,0.0,2.0,0.0,0.0,3.0,2.0,3.0,0.0,0.0,0.0,0.0,0.0,0.0,1.0,0.0,1.0,0.0,0.0,0.0,0.0,0.0,0.0,0.0,2.0,0.0,1.0,0.0,0.0,0.0
GAGTTGTGTTGGAGGT,1.0,1.0,0.0,0.0,0.0,0.0,0.0,0.0,0.0,0.0,1.0,1.0,0.0,0.0,0.0,0.0,0.0,1.0,0.0,0.0,0.0,0.0,0.0,0.0,0.0,0.0,0.0,0.0,0.0,0.0,0.0,0.0,0.0,0.0,0.0,0.0,0.0,0.0,0.0,0.0,0.0,0.0,0.0,0.0,0.0,0.0,0.0,0.0,0.0,0.0,0.0,0.0,0.0,0.0,0.0,0.0,0.0,0.0,0.0,0.0
GTGGAGATCTTCCTAA,0.0,0.0,0.0,0.0,0.0,0.0,0.0,3.0,14.0,0.0,0.0,0.0,0.0,0.0,0.0,0.0,1.0,0.0,0.0,0.0,1.0,0.0,0.0,0.0,2.0,4.0,8.0,3.0,10.0,3.0,0.0,0.0,0.0,1.0,0.0,1.0,0.0,1.0,1.0,0.0,0.0,1.0,0.0,0.0,0.0,0.0,5.0,0.0,0.0,0.0,0.0,0.0,0.0,0.0,0.0,1.0,0.0,0.0,0.0,0.0
TTTCGATTCCGCACGA,1.0,0.0,0.0,1.0,0.0,0.0,1.0,1.0,0.0,0.0,1.0,0.0,2.0,1.0,0.0,0.0,0.0,1.0,5.0,0.0,2.0,2.0,0.0,3.0,1.0,0.0,2.0,0.0,0.0,2.0,0.0,1.0,1.0,1.0,1.0,0.0,0.0,1.0,0.0,0.0,0.0,0.0,0.0,1.0,0.0,0.0,0.0,0.0,0.0,0.0,0.0,0.0,0.0,0.0,1.0,0.0,0.0,0.0,0.0,0.0
CGGCAGTCACCCTCTA,3.0,1.0,3.0,5.0,0.0,2.0,0.0,7.0,0.0,0.0,2.0,1.0,1.0,1.0,2.0,2.0,5.0,1.0,1.0,0.0,2.0,1.0,0.0,0.0,0.0,0.0,0.0,0.0,0.0,0.0,1.0,0.0,2.0,1.0,1.0,0.0,0.0,0.0,4.0,0.0,0.0,3.0,0.0,1.0,0.0,0.0,0.0,0.0,0.0,0.0,0.0,0.0,0.0,0.0,2.0,0.0,0.0,0.0,0.0,0.0
ACCCTTGTCTAGTCAG,3.0,2.0,1.0,0.0,3.0,1.0,2.0,0.0,0.0,3.0,1.0,1.0,1.0,1.0,0.0,1.0,5.0,1.0,0.0,0.0,0.0,3.0,0.0,0.0,5.0,6.0,2.0,0.0,0.0,0.0,0.0,0.0,1.0,3.0,0.0,1.0,9.0,0.0,0.0,0.0,0.0,2.0,0.0,0.0,0.0,1.0,0.0,0.0,0.0,0.0,0.0,0.0,0.0,0.0,0.0,1.0,0.0,0.0,0.0,0.0
